{"cameraMode":{"drawMode":0,"name":"Shaded","section":"Shading Mode"},"sceneLighting":true,"audioPlay":false,"sceneViewState":{"m_AlwaysRefresh":false,"showFog":true,"showSkybox":true,"showFlares":true,"showImageEffects":true,"showParticleSystems":true,"showVisualEffectGraphs":true,"m_FxEnabled":true},"in2DMode":false,"pivot":{"x":0.20585757493972779,"y":0.7933304309844971,"z":-11.824590682983399},"rotation":{"x":-0.20327450335025788,"y":-0.5898439288139343,"z":0.15659509599208833,"w":-0.7656679153442383},"size":0.3806801736354828,"orthographic":true}