{"cameraMode":{"drawMode":0,"name":"Shaded","section":"Shading Mode"},"sceneLighting":true,"audioPlay":false,"sceneViewState":{"m_AlwaysRefresh":false,"showFog":true,"showSkybox":true,"showFlares":true,"showImageEffects":true,"showParticleSystems":true,"showVisualEffectGraphs":true,"m_FxEnabled":true},"in2DMode":false,"pivot":{"x":0.06849592179059982,"y":-1.279768943786621,"z":1.5622093677520753},"rotation":{"x":0.2509654462337494,"y":-0.4982723891735077,"z":0.15331362187862397,"w":0.8156313896179199},"size":0.203140527009964,"orthographic":true}