{"cameraMode":{"drawMode":0,"name":"Shaded","section":"Shading Mode"},"sceneLighting":false,"audioPlay":false,"sceneViewState":{"m_AlwaysRefresh":false,"showFog":true,"showSkybox":false,"showFlares":true,"showImageEffects":true,"showParticleSystems":true,"showVisualEffectGraphs":true,"m_FxEnabled":true},"in2DMode":false,"pivot":{"x":-0.05742911249399185,"y":0.0008058051462285221,"z":-0.0017337161116302014},"rotation":{"x":0.010995958931744099,"y":-0.9586790800094605,"z":0.03740745782852173,"w":0.28180480003356936},"size":0.12440524995326996,"orthographic":true}