{"cameraMode":{"drawMode":0,"name":"Shaded","section":"Shading Mode"},"sceneLighting":false,"audioPlay":false,"sceneViewState":{"m_AlwaysRefresh":false,"showFog":true,"showSkybox":false,"showFlares":true,"showImageEffects":true,"showParticleSystems":true,"showVisualEffectGraphs":true,"m_FxEnabled":true},"in2DMode":false,"pivot":{"x":0.01286691427230835,"y":0.000805804505944252,"z":-0.046969711780548099},"rotation":{"x":0.010995958931744099,"y":-0.9586790800094605,"z":0.03740745782852173,"w":0.28180480003356936},"size":0.2133847177028656,"orthographic":true}