{"cameraMode":{"drawMode":0,"name":"Shaded","section":"Shading Mode"},"sceneLighting":false,"audioPlay":false,"sceneViewState":{"m_AlwaysRefresh":false,"showFog":true,"showSkybox":false,"showFlares":true,"showImageEffects":true,"showParticleSystems":true,"showVisualEffectGraphs":true,"m_FxEnabled":true},"in2DMode":false,"pivot":{"x":0.018253304064273835,"y":0.010648179799318314,"z":0.04404526948928833},"rotation":{"x":0.08286190778017044,"y":-0.24090135097503663,"z":-0.02064741961658001,"w":-0.9667853713035584},"size":0.08493638038635254,"orthographic":false}