{"cameraMode":{"drawMode":0,"name":"Shaded","section":"Shading Mode"},"sceneLighting":false,"audioPlay":false,"sceneViewState":{"m_AlwaysRefresh":false,"showFog":true,"showSkybox":false,"showFlares":true,"showImageEffects":true,"showParticleSystems":true,"showVisualEffectGraphs":true,"m_FxEnabled":true},"in2DMode":false,"pivot":{"x":-0.004780583083629608,"y":-0.0084720179438591,"z":0.006383989006280899},"rotation":{"x":-0.1637103110551834,"y":0.5690004825592041,"z":-0.11682412028312683,"w":-0.7973654270172119},"size":0.08493637293577194,"orthographic":false}