{"cameraMode":{"drawMode":0,"name":"Shaded","section":"Shading Mode"},"sceneLighting":false,"audioPlay":false,"sceneViewState":{"m_AlwaysRefresh":false,"showFog":true,"showSkybox":false,"showFlares":true,"showImageEffects":true,"showParticleSystems":true,"showVisualEffectGraphs":true,"m_FxEnabled":true},"in2DMode":false,"pivot":{"x":0.01196480542421341,"y":-0.0008596479892730713,"z":-0.02220693975687027},"rotation":{"x":0.023933973163366319,"y":0.9737061262130737,"z":-0.19079943001270295,"w":0.12214837223291397},"size":0.0847061276435852,"orthographic":true}