{"cameraMode":{"drawMode":0,"name":"Shaded","section":"Shading Mode"},"sceneLighting":false,"audioPlay":false,"sceneViewState":{"m_AlwaysRefresh":false,"showFog":true,"showSkybox":false,"showFlares":true,"showImageEffects":true,"showParticleSystems":true,"showVisualEffectGraphs":true,"m_FxEnabled":true},"in2DMode":false,"pivot":{"x":-0.03167077898979187,"y":0.0014011040329933167,"z":-0.024574026465415956},"rotation":{"x":-0.01210013683885336,"y":-0.9411768317222595,"z":0.033897120505571368,"w":-0.33599141240119936},"size":0.0847061276435852,"orthographic":true}